[
  {
    "author": "267386908382855169",
    "reported_user": "843131483597570068",
    "reason": "annoying troller",
    "timestamp": "2021-06-24 13:03:22"
  },
  {
    "author": "267386908382855169",
    "reported_user": "410620562797363210",
    "reason": "Saying \"kys\" and \"fag\" in Riverside Rocks Community",
    "timestamp": "2021-06-24 13:03:22"
  },
  {
    "author": "267386908382855169",
    "reported_user": "466262009256869889",
    "reason": "database testing",
    "timestamp": "2021-06-24 13:05:14"
  },
  {
    "author": "267386908382855169",
    "reported_user": "485074115464790016",
    "reason": "fake steam links for free stuff in game",
    "timestamp": "2021-06-26 00:27:01"
  },
  {
    "author": "267386908382855169",
    "reported_user": "843067166235557898",
    "reason": "attempting to impersonate Natrix, the owner of a popular crypto trading Discord server https://dndw.net/assets/files/2021-06-21/1624282990-13653-image.png",
    "timestamp": "2021-06-26 00:27:08"
  },
  {
    "author": "267386908382855169",
    "reported_user": "650381543692435477",
    "reason": "pump & dump crypto server (scam)",
    "timestamp": "2021-06-26 00:27:12"
  },
  {
    "author": "267386908382855169",
    "reported_user": "566992099438755840",
    "reason": "attempt to steal steam credentials",
    "timestamp": "2021-06-26 00:27:20"
  },
  {
    "author": "267386908382855169",
    "reported_user": "836563579514781746",
    "reason": "tries to get people to register to crypto website and deposit money",
    "timestamp": "2021-06-26 00:27:24"
  },
  {
    "author": "267386908382855169",
    "reported_user": "856083375358083072",
    "reason": "",
    "timestamp": "2021-06-26 00:29:13"
  },
  {
    "author": "267386908382855169",
    "reported_user": "852884181142470697",
    "reason": "owns a Fake Exchange Site",
    "timestamp": "2021-06-26 00:30:50"
  },
  {
    "author": "267386908382855169",
    "reported_user": "680764011146772543",
    "reason": "grabify link sender",
    "timestamp": "2021-06-26 00:31:41"
  },
  {
    "author": "267386908382855169",
    "reported_user": "851336917017427968",
    "reason": "Spam account of PrintCrypt scam",
    "timestamp": "2021-06-26 00:32:38"
  },
  {
    "author": "267386908382855169",
    "reported_user": "851336769110540328",
    "reason": "Spam account of PrintCrypt scam",
    "timestamp": "2021-06-26 00:33:00"
  },
  {
    "author": "267386908382855169",
    "reported_user": "851876632879956018",
    "reason": "Spam account of PrintCrypt scam",
    "timestamp": "2021-06-26 00:33:12"
  },
  {
    "author": "267386908382855169",
    "reported_user": "852935354260258817",
    "reason": "Spam account of PrintCrypt scam",
    "timestamp": "2021-06-26 00:33:20"
  },
  {
    "author": "267386908382855169",
    "reported_user": "852935407150039060",
    "reason": "Spam account of PrintCrypt scam",
    "timestamp": "2021-06-26 00:33:28"
  },
  {
    "author": "267386908382855169",
    "reported_user": "845355599536980008",
    "reason": "people scam by convincing to join their telegram group to start trading on KuCoin which is a scam.",
    "timestamp": "2021-06-26 00:47:46"
  },
  {
    "author": "267386908382855169",
    "reported_user": "840431110462898196",
    "reason": "people scam by convincing to join their telegram group to start trading on KuCoin which is a scam.",
    "timestamp": "2021-06-26 00:48:19"
  },
  {
    "author": "267386908382855169",
    "reported_user": "849336378491404338",
    "reason": "people scam by convincing to join their telegram group to start trading on KuCoin which is a scam.",
    "timestamp": "2021-06-26 00:48:26"
  },
  {
    "author": "267386908382855169",
    "reported_user": "830233864042840097",
    "reason": "people scam by convincing to join their telegram group to start trading on KuCoin which is a scam.",
    "timestamp": "2021-06-26 00:48:30"
  },
  {
    "author": "267386908382855169",
    "reported_user": "833138239556026369",
    "reason": "people scam by convincing to join their telegram group to start trading on KuCoin which is a scam.",
    "timestamp": "2021-06-26 00:48:52"
  },
  {
    "author": "267386908382855169",
    "reported_user": "833124932673601586",
    "reason": "people scam by convincing to join their telegram group to start trading on KuCoin which is a scam.",
    "timestamp": "2021-06-26 00:49:35"
  },
  {
    "author": "267386908382855169",
    "reported_user": "840670103297458216",
    "reason": "crypto scam lol",
    "timestamp": "2021-06-26 00:54:30"
  },
  {
    "author": "267386908382855169",
    "reported_user": "849629095407124510",
    "reason": "Fake steam support trying to scam my Steam account",
    "timestamp": "2021-06-27 14:13:25"
  },
  {
    "author": "267386908382855169",
    "reported_user": "858681237370568714",
    "reason": "attempting to scam steam account",
    "timestamp": "2021-06-27 14:13:43"
  }
]